Node_BC,node_cn_0,score_cn_0,node_cn_1,score_cn_1,node_cn_2,score_cn_2
1 achat sur le web,achat,20.889288,achats,19.629185,achate,19.629185
1 mail,mail,14.255846,e mail,14.255846,e mails,14.255846
1 mail avec pièce jointe,pièces jointes,49.98743,pièce jointe,49.98743,pièce à pièce,37.54
1 requête de navigation web,navigation,45.191742,requête,44.907303,requêtes,44.907303
1 requête internet,inter requête,50.267258,inter requêtes,50.267258,requêter,46.231037
1 SPAM,spam,21.172659,spams,19.813473,anti spam,18.618267
1 transaction logiciel classique,transaction,41.43801,transactions,39.602642,sous transaction,37.92296
1 tweet,tweet,35.903378,tweeta,33.73758,tweete,33.73758
Abricot,abricot,33.23729,abricota,31.44817,abricote,31.44817
Acide chlorhydrique,acide chlorhydrique,68.19141,chlorhydrique,61.092514,chlorhydriques,58.501373
"Acide citrique, monohydrate",monohydrate,55.133232,monohydraté,49.89141,monohydrique,49.05582
"Acide D,L tartrique",acide tartrique,47.895,acides tartriques,45.773636,acide pyrotartrique,40.40481
Acide nitrique 50%,acide nitrique,44.163815,acide nitrique pur,42.11706,acide citrique,38.163418
Acide phosphorique,acide phosphorique,62.625656,acides phosphoriques,60.317448,acide pyrophosphorique,54.32267
Acide sorbique,acide sorbique,49.95351,acide ascorbique,39.656487,acide l ascorbique,39.656487
Acide sulfurique,acide sulfurique,56.852444,acides sulfuriques,54.441135,acide disulfurique,52.22605
Acier ou fer blanc,fer blanc,25.45305,fers blancs,22.712845,arc en ciel blanc,22.67014
Adhésif Epoxy,adhésif,41.53273,adhésifs,39.297077,auto adhésif,37.289814
Adoucisseur d'eau,adoucisseur d’ eau,49.005447,adoucisseur d eau,49.005447,adoucisseurs d’ eau,46.92696
Agglomérés de houille,agglomérés,52.330444,aggloméré,49.153103,auto agglomérés,47.69481
Agneau,agneaux,30.423246,agneau,30.423246,agneaux de lait,28.69244
Aimant,aimant,26.677029,re aimant,26.677029,aimanta,25.159348
Alcool,alcool,36.497875,alcools,34.42148,alcoolé,34.42148
Alimentation,alimentation,39.727222,alimentations,38.042255,suralimentation,36.494404
Aluminium,l’ aluminium,47.016823,aluminium,47.016823,éka aluminium,44.731953
Amandes,amandes,25.474672,amande,25.474672,amande de mer,24.025394
Ammoniaque anhydre,anhydre,43.656784,ammoniaque,42.636375,anhydres,41.306797
Ammonitrate,nitrate d ammonium,40.58342,nitrate de cérium et d ammonium,34.47548,nitrates,30.8088
Ananas,ananas,28.810484,bananas,27.503908,jus d’ ananas,27.503908
Anis - Badiane,badiane,35.18628,badianes,33.292248,badianier,30.156979
Anthracite,anthracite,46.526768,anthracites,46.526768,anthraciteux,44.370502
Appareil photo,appareils photo,47.243034,appareil photo,47.243034,appareil photo numérique,36.57768
Aquarium,aquarium,40.85231,aquariums,38.765614,arium,26.238556
Arboriculture / viticulture,arboriculture,85.07859,viticulture,82.574974,arboricultures,81.61694
Arbuste en conteneur,arbustes,36.95398,arbuste,36.95398,conteneur,33.922993
Armoire,armoire,28.162329,armoires,26.560146,lit armoire,26.560146
Artichauts,artichauts,42.894924,artichaut,36.551384,artichauts du canada,35.913742
Ascenseur,ascenseur,42.739784,ascenseurs,40.662766,cage d’ ascenseur,38.778267
Asperges,asperges,38.637726,asperges des bois,34.88238,auto asperges,34.88238
Aspirateur,aspirateur,45.34474,aspirateurs,43.243256,aspirateur de site web,39.57507
Aspirateur ménager,aspirateur,45.34474,aspirateurs,43.243256,aspirateur de site web,39.57507
Aspirateur professionnel,professionnel,47.630825,non professionnel,45.692837,professionnels,45.692837
Aubergine,aubergine,44.276646,aubergines,42.12494,auberginisa,36.220478
Autobus,autobus,34.17756,autobut,26.180752,autobus scolaire,25.480042
Autres acides et sels d'acides,acide,46.843204,acides,46.843204,acide 1,46.843204
Autres cultures industrielles (y compris pommes de terre et betteraves),betteravicultures,50.83972,industrielle,48.617813,industrielles,48.617813
Autres produits pétroliers,produits,43.32403,co produits,43.32403,auto produits,42.481335
Avion (marchandises),marchandise,40.628105,marchandises,40.628105,dé marchandise,40.628105
Avion (voyageurs),voyageurs,47.8032,voyageur,44.37141,commis voyageurs,39.693214
Avocat,avocat,32.035515,avocate,30.212982,avocates,30.212982
Baba au rhum,baba au rhum,35.76751,rhum,21.376808,rhume,20.00452
Baies de disques,baies de disques,38.707153,baie de disques,34.882385,disques,28.990713
Baladeurs numériques,baladeurs,42.955307,numériques,42.307865,pré numériques,40.25184
Ballon,ballon,24.66631,ballon à gaz,23.26302,jeu de ballon,23.26302
Banana Split,banana split,46.831127,banana splits,44.784885,banana,30.367687
Banane,banane,27.678995,bananes,26.10431,bananez,26.10431
Banol,urbanologie,16.848507,albanologie,16.848507,albanologies,16.102253
Bar ou dorade,dorade,29.230373,dorades,29.230373,dorade rose,26.08351
Bar ou Dorade,dorade,29.230373,dorades,29.230373,dorade rose,26.08351
Barre de son,barre,21.363197,la barre,21.363197,barrer,20.074505
"Basket, panier extérieur avec socle en béton",extérieur,41.923443,à l extérieur,41.923443,à l extérieur de,41.923443
"Basket, panier intérieur fixe avec socle en béton",basket,41.008995,baskets,38.675953,basketteur,37.663055
Bateau automoteur,bateau à moteur,46.208393,automoteur,40.578667,automoteurs,38.698067
Bateau pousseur,bateau pousseur,48.644337,bateaux pousseurs,46.581165,pousseur,32.13027
Bâtiment agricole,agricoles,37.05645,agricole,37.05645,bâtiment,36.93137
Bâtiment industriel,bâtiment industriel monovalent,48.830666,bâtiment industriel polyvalent,47.431526,industriel,45.13686
Bâtiments de bureaux ,bâtiments,41.034454,bâtiment,36.93137,bâtimens,34.52387
"Bentonite, kaolin",kaolinite,42.74521,kaolinites,42.74521,kaolin,37.018085
Béton,béton,19.404545,bétons,18.158867,néo béton,18.158867
Béton armé,béton armé,33.507225,béton,19.404545,armé,18.699806
Béton armé continu,béton armé,33.507225,continu,25.160793,en continu,25.160793
Béton de ciment,ciment,24.931816,cimenta,23.51342,cimente,23.51342
Betterave,betterave,36.5336,betteraves,34.75818,betterave rouge,31.679165
Betterave sucrière,betterave sucrière,58.841217,sucre de betterave,45.90856,betterave à sucre,45.90856
Beurre,beurre,29.42316,le beurre,29.42316,le beurre et l argent du beurre,28.480392
Beurre doux,beurres doux,39.354076,doubeurre,31.153494,doubeurres,29.639532
Bière,bière,25.049814,bières,23.538736,sac à bière,23.538736
Biodiesel,biodiesel,46.845787,biodiesels,44.56923,diesel,30.211987
Bioéthanol,bioéthanol,56.142754,bioéthanols,53.54084,agroéthanol,37.730152
BioGNL,gnl,20.802282,gnls,19.375265,biogaz,17.573868
Biométhane,biométhane,51.22581,biométhanes,48.851772,biométhanisa,41.360413
Biopropane,propane,32.875256,cyclopropane,31.802464,propanes,31.105625
Biscuit,biscuit,37.14669,biscuita,35.147133,biscuite,35.147133
Bisulfite de potassium,sulfite de potassium,60.8228,métabisulfite de potassium,58.65495,bisulfite,51.807472
Bitumes,bitume,31.964233,bitumes,31.964233,il bitume,31.964233
Blanc de dinde,dindes,22.332787,dinde,22.332787,boudin blanc,21.853977
Blanc de poulet,blanc de poulet,37.99141,blancs de poulet,36.145145,mon poulet,26.429243
Blanquette de veau,blanquette,40.3858,blanquettes,40.3858,planquette,34.428978
Blé,blé,11.434153,blés,10.64978,blé dur,10.64978
Blé dur,blé dur,20.223282,blé,11.434153,blés,10.64978
Blé tendre,blé tendre,34.304188,blés tendres,30.799728,tendre,27.008583
Blé tendre biologique de féverole (cas type),type sérologique,42.908474,biologique,42.23424,féverole,41.184193
Blé tendre biologique de luzerne (cas type),luzerne,42.399437,la luzerne,42.399437,biologique,42.23424
Blé tendre conventionnel,conventionnel,42.785778,non conventionnel,41.044926,conventionnels,41.044926
Boeuf bourguignon,boeuf bourguignon,64.257164,bourguignon,48.340603,bourguignons,46.1995
Bois bûche,bûche,29.066822,bûcher,27.313427,bûches,27.313427
Bois bûches,bûches,35.23388,bûches de noël,31.440695,embûches,31.440695
Bois bûche_,bûche,29.066822,bûcher,27.313427,bûches,27.313427
Bois courte durée de vie (ameublement...),ameublement,47.467556,ameublemens,45.39478,ameublements,45.365124
Bois d'oeuvre (construction),construction,44.746048,constructions,43.727436,jeu de construction,42.848213
Bois granulé,granulé,35.49339,granulés,33.582825,granulée,33.582825
Bois granulés,granulés,40.50496,regranulés,36.56813,granulé,35.49339
Bois plaquette,plaquette,36.559998,plaquettes,36.559998,déplaquette,33.006596
Bol de céréales,céréale,33.843887,céréales,33.843887,céréal,29.553719
Bol de lait,abolai,13.401132,abolait,13.401132,abolais,12.638727
"Bouchon LA2R vin effervescent - 9,5 g",vin effervescent,55.606976,effervescent,52.318047,effervescente,50.09906
"Bouchon liège aggloméré vin tranquille - 5,5 g",aggloméré,49.153103,agglomérés,46.764416,agglomérée,46.764416
"Bouchon liège naturel vin tranquille- 3,5 g",tranquille,34.67274,tranquilles,34.67274,naturelle,32.669876
"Bouchon liège technique vin effervescent - 9,5 g",vin effervescent,55.606976,effervescent,52.318047,effervescente,50.09906
Bouchon liège technique vin tranquille - 5 g,technique,42.48926,ko technique,42.48926,techniques,40.318947
Bouchon synthétique PE co-extrudé - 6 g,synthétique,49.134007,synthétiques,46.85691,biosynthétique,42.882187
Bouteille de bière,bouteille de bière,48.726982,bouteillière,36.756687,bouteille,36.262054
Bovin viande,viande bovine,44.40152,bovin,28.785156,viande,28.066475
Box et modems Internet,modems,36.988342,internet,32.676064,interneta,31.007
Brandade de morue,brandade,39.197887,brandades,39.197887,morue,27.498335
Brebis allaitante de réforme,réforme protestante,35.713867,réforme,35.017353,réformes,35.017353
Brebis de réforme,réforme,35.017353,réformes,35.017353,préforme,33.132416
Briquette de lignite,briquette,33.944386,briquettes,33.944386,lignite,32.663265
Brocoli,brocoli,31.920094,brocolis,30.201878,brocoli rave,28.659193
Brownie,brownie,46.09798,brownies,43.616585,brownien,43.616585
Broyats de cagettes et de pallettes,cagette,45.328197,cagettes,45.328197,broyats,41.50503
Broyats de cagettes et de pallettes_,cagette,45.328197,cagettes,45.328197,broyats,41.50503
Bureau 1600x800,bureau,29.90305,bureaux,29.90305,parc de bureaux,28.201836
Bus,bb bus,10.352711,b.b bus,10.352711,bus,10.352711
Butane,n butane,29.123812,butane,29.123812,i butane,29.123812
Câble électrique externe,câble électrique,54.76199,choc électrique externe,52.229244,bleu électrique,41.47709
Câble électrique interne,câble électrique,54.76199,bleu électrique,41.47709,choc électrique externe,41.062508
Cacao,cacao,28.78526,cacaos,27.048847,cacaoté,25.510014
Cadran photo,cadran,28.786419,cadrans,27.148731,cadrant,27.148731
Cadre de lit,cadre,25.242252,cadrer,23.719564,cadres,23.719564
Café,café,22.8904,café pmu,21.420944,cafés,21.420944
Café du Brésil (Robusta),caféier robusta,44.28483,robusta,37.898254,robuste,31.957407
Cafetière & machines à expresso,cafetières,51.1126,cafetière,49.765785,machines à café,38.982914
Caisse bois,boisse,21.111134,la boisse,21.111134,boissy aux cailles,20.322914
Camion porteur,porteur,31.630396,porteurs,29.927773,bon au porteur,29.927773
Camion remorque,camion de remorquage,43.397213,remorque,35.32106,co remorque,35.32106
Canalisations PVC,canalisations,39.446003,canalisation,38.997047,banalisations,34.879135
Canapé,canapé,31.872417,canapés,30.059166,canapé lit,30.059166
Canard à rôtir,rôtir,33.642525,se rôtir,33.642525,rôtira,31.613108
Cannelé,cannelé,32.812798,cannelée,31.046528,cannelés,31.046528
Cannelle,cannelle,32.277573,cannelles,32.277573,en cannelle,32.277573
"Capsule à vis (aluminium + joint PE / étain) moyenne - 4,8 g",l’ aluminium,47.016823,aluminium,47.016823,éka aluminium,44.731953
"Capsule à vis (aluminium 35% recyclage + joint PE / étain) - 4,8 g",l’ aluminium,47.016823,aluminium,47.016823,recyclage,46.163853
"Capsule à vis (aluminium 75% recyclage + joint PE / étain) - 4,8 g",l’ aluminium,47.016823,aluminium,47.016823,recyclage,46.163853
"Capsule surbouchage composite (aluminium 35% recyclage) vin effervescent - 3,2 g",vin effervescent,55.606976,effervescent,52.318047,recyclage,51.15428
Capsule surbouchage composite (aluminium 35% recyclé / PEBD) vin tranquille - 1 g,l’ aluminium,47.016823,aluminium,47.016823,feuille d aluminium,46.98935
"Capsule surbouchage composite (aluminium 70% recyclage) vin effervescent - 3,2 g",vin effervescent,55.606976,effervescent,52.318047,recyclage,51.15428
Capsule surbouchage composite (aluminium 70% recyclé / PEBD) vin tranquille - 1 g,l’ aluminium,47.016823,aluminium,47.016823,feuille d aluminium,46.98935
Capsule surbouchage étain (FE étain),surbouchage,43.681755,capsule,38.822727,capsules,38.822727
"Capsule surbouchage PVC extrudé vin tranquille - 0,80 g",surbouchage,43.681755,extrudé,41.11792,co extrudé,41.11792
Carbonate de calcium,carbonate de calcium,63.204105,carbonates de calcium,63.204105,bicarbonate de calcium,58.44789
Carbureacteur,carburéacteur,41.848038,carburéacteurs,40.145336,carbure,35.854565
Cargo,cargo,22.642323,riz cargo,21.27647,cargos,21.27647
Carotte,carotte,30.43799,carottes,30.43799,carotter,28.799553
Carton,carton,21.2477,en carton,21.2477,cartons,19.965975
Cartouche jet d'encre Noir et Blanc  re-conditionnée,conditionnée,43.035435,conditionnées,41.210155,conditionné,39.685196
Cartouche toner couleur (CMY) re-conditionnée,conditionnée,43.035435,conditionnées,41.210155,conditionné,39.685196
Cartouche toner Noir et Blanc re-conditionnée,conditionnée,43.035435,conditionnées,41.210155,conditionné,39.685196
Cassoulet,cassoulet,35.45594,cassoulets,33.732895,dessoule,23.461206
Céleri,céleri,25.55843,célerin,24.104387,céleris,24.104387
Centre de loisir,centre de loisirs,35.144733,centres de loisirs,33.588104,à loisir,26.057312
Céréales,céréale,33.843887,céréales,33.843887,céréal,29.553719
Céréales oléoprotéagineux,oléoprotéagineux,67.92414,oléoprotéagineuse,65.36843,oléoprotéagineuses,65.36843
Cerise,cerise,18.794765,cerises,18.794765,cerisey,17.725512
Chaîne HiFi,chaîne,33.833725,pas de chaîne,33.833725,chaîne hi fi,33.833725
Chaise,chaise,19.411674,chaises,19.411674,la chaise,19.411674
Champignons de Paris,champignons de paris,48.20169,champignon de paris,48.14054,champignons,44.835575
Changement d'affectation des sols direct (culture vers forêt),affectation,49.038517,affectations,46.866505,réaffectation,44.87874
Changement d'affectation des sols direct (culture vers imperméabilisés),imperméabilisés,58.97502,imperméabilisé,56.55872,réimperméabilisés,54.697983
Changement d'affectation des sols direct (culture vers prairie),affectation,49.038517,affectations,46.866505,affectataire,45.819954
Changement d'affectation des sols direct (culture vers sols non imperméabilisés),imperméabilisés,58.97502,imperméabilisé,56.55872,réimperméabilisés,54.697983
Changement d'affectation des sols direct (forêt vers culture),affectation,49.038517,affectations,46.866505,réaffectation,44.87874
Changement d'affectation des sols direct (forêt vers imperméabilisés),imperméabilisés,58.97502,imperméabilisé,56.55872,réimperméabilisés,54.697983
Changement d'affectation des sols direct (forêt vers prairie),affectation,49.038517,affectations,46.866505,affectataire,45.819954
Changement d'affectation des sols direct (forêt vers sols non imperméabilisés),imperméabilisés,58.97502,imperméabilisé,56.55872,réimperméabilisés,54.697983
Changement d'affectation des sols direct (prairie vers culture),affectation,49.038517,affectations,46.866505,affectataire,45.819954
Changement d'affectation des sols direct (prairie vers forêt),affectation,49.038517,affectations,46.866505,affectataire,45.819954
Changement d'affectation des sols direct (prairie vers imperméabilisés),imperméabilisés,58.97502,imperméabilisé,56.55872,réimperméabilisés,54.697983
Changement d'affectation des sols direct (prairie vers sols non imperméabilisés),imperméabilisés,58.97502,imperméabilisé,56.55872,réimperméabilisés,54.697983
Charbon à coke,charbon,31.609514,charbon d’ os,31.609514,charbons,29.908016
Charbon à vapeur,vapeur,32.282204,charbon,31.609514,charbon d’ os,31.609514
Charbon sous-bitumineux,bitumineux,43.43123,bitumineuse,41.32061,bitumineuses,41.32061
Chargement annuel de poids lourds,poids lourds,49.040314,poids mi lourds,49.040314,poids lourd,43.376793
Chaussures,chaussures,38.02624,sur chaussures,38.02624,chaussure,35.90251
Chaux,chaux,14.027993,la chaux,14.027993,chaud,13.127462
Cheese cake,cheese cake,53.607273,cheese cakes,50.86906,cheesecake,48.396984
Chemise,chemise,29.478487,chemises,29.478487,chemiser,27.891697
Chèvre de réforme,chèvre,37.63769,chèvres,35.496445,chèvre de feu,35.496445
Chevreau,chevreau,41.132687,chevreaux,41.132687,levreau,30.843855
Chili con carne,chili con carne,38.312294,chilis con carne,36.45044,carne,22.36021
Chips,chips,27.529327,tchips,25.868675,chipset,24.396984
Chlorure de potassium,chlorure de potassium,62.27692,chlorure de césium,51.019855,chlorate de potassium,46.39436
Chocolat,chocolat,38.40165,pas de chocolat,38.40165,chocolata,36.44013
Chou pommé,pommé,26.516464,pommée,24.916912,pommés,24.916912
Chou-Fleur,chou fleur,31.91072,choux fleurs,28.650776,chou fleuriste,25.995157
Choucroute,choucroute,44.540802,choucroutes,44.540802,choucrouter,42.476578
Ciment Portland,ciment portland,53.79507,ciments portland,51.51344,portland,43.13021
Circuits imprimés,circuit imprimé,58.080708,circuit imprimé nu,58.080708,circuits,44.901627
Citron,citron,24.798403,citrons,23.387598,jus de citron,23.387598
Citrouille - Courges -Potiron,citrouille,37.58968,citrouilles,37.58968,tarte à la citrouille,32.806763
Clafoutis aux cerises,clafoutis,42.35102,clafoutiez,36.22939,clafoutions,34.550354
Clémentine (Nour),clémentine,40.600487,clémentines,38.718876,clémentin,38.318375
"Climatisation à air,   type armoire'",climatisation,47.929333,climatisations,46.09524,climatisa,40.6728
"Climatisation à air,  type 'DRV'",climatisation,47.929333,climatisations,46.09524,climatisa,40.6728
"Climatisation à air,  type 'rooftop'",climatisation,47.929333,climatisations,46.09524,rooftopper,44.141937
"Climatisation à air,  type 'split'",climatisation,47.929333,climatisations,46.09524,climatisa,40.6728
"Climatisation à air,  type 'splits et multisplits'",splitsa,62.50588,splitse,62.50588,splitses,62.50588
"Climatisation à air,  type 'window'",climatisation,47.929333,climatisations,46.09524,climatisa,40.6728
"Climatisation à air,  type armoire'",climatisation,47.929333,climatisations,46.09524,climatisa,40.6728
"Climatisation à air, moyenne tous équipements confondus",climatisation,47.929333,équipements,47.283478,climatisations,46.09524
"Climatisation à air, type 'DRV'",climatisation,47.929333,climatisations,46.09524,climatisa,40.6728
"Climatisation à air, type 'mobile'",climatisation,47.929333,climatisations,46.09524,climatisa,40.6728
"Climatisation à air, type multisplits'",climatisation,51.475796,climatisations,49.497406,climatisa,44.943863
"Climatisation à eau glacée, chillers à compresseur centrifuge moyenne",climatisation,47.929333,climatisations,46.09524,climatiseur,44.31281
"Climatisation à eau glacée, chillers à compresseur volumétrique",volumétrique,49.662666,climatisation,47.929333,volumétriques,47.46301
Climatisation automobile,climatisation,47.929333,climatisations,46.09524,automobile,43.925457
Climatiseur,climatiseur,43.007557,climatiseurs,41.10267,climatise,35.738487
Coke de houille,coke en aiguilles,29.220692,houille,25.804108,houilles,25.804108
Coke de lignite,lignite,32.663265,lignites,32.663265,pyrolignite,26.608196
Coke de pétrole,pétrole,32.657253,pétroles,32.657253,pétroler,30.899355
coke de pétrole,pétrole,32.657253,pétroles,32.657253,pétroler,30.899355
Colle amidon,amidon,31.546629,amidons,29.75191,amidone,29.75191
Colza,colza,34.025627,colzas,31.973099,colzate,30.154118
Combustible haute viscosité (CHV),combustible,51.806087,combustibles,51.806087,combustible mox,49.51149
Commerce,commerce,35.913376,commerces,35.913376,e commerce,35.913376
Complexe de doublage d'isol. Therm.,complexe,40.056335,cw complexe,40.056335,doublage,39.117012
Concombre,concombre,38.351482,concombre de mer,36.48772,concombres,36.48772
Concombres,concombres,40.252995,concombres de mer,38.387486,concombre,38.351482
Congélateur,congélateur,49.237175,congélateurs,47.05636,congélatif,36.01321
Console vidéo,console de jeux vidéo,42.808064,vidéo,28.064941,vidéo cd,28.064941
Consommables bureautiques,consommable,47.371777,consommables,47.371777,bureautiques,45.184967
Coquilette au jambon,coquillette,31.965456,coquillettes,31.965456,jambon,31.24509
Côte de boeuf,boeuf,34.422195,boeufs,32.345745,qui vole un oeuf vole un boeuf,31.043571
Côtelettes d'Agneau,côtelette,46.60769,côtelettes,46.60769,pisser sa côtelette,38.70053
Courgette,courgette,39.957993,courgettes,39.957993,le bourget,28.144142
Couscous,couscous,40.792946,couscou,39.457024,couscoussier,34.986015
Crème,crème de la crème,35.53583,crème,32.2252,crèmes,32.2252
Crème brûlée,crème brûlée,60.651073,crèmes brûlées,57.70362,brûlée,41.345726
Crêpes,crêpes,41.16343,décrêpes,36.731884,encrêpes,36.731884
Crêpes - galette au sarasin,crêpes,41.16343,crêpes suzette,40.58293,décrêpes,36.731884
Crevette aquaculture Madagascar,aquaculture,52.53766,madagascar,52.00486,aquacultures,50.210663
Crevette pêche Madagascar,madagascar,52.00486,zébu de madagascar,47.398064,pois de madagascar,47.398064
Crevettes,crevette,38.71738,crevettes,38.71738,arbre aux crevettes,33.33435
Cuisse de dinde,cuisse,23.397257,cuisses,23.397257,mi cuisses,23.397257
Cuisse de poulet,cuisse de poulet du poitou,33.607903,mon poulet,26.429243,poulet,26.429243
Cuivre,cuivre,33.886955,cuivrer,31.959095,cuivreux,31.959095
Curry au poulet avec riz,curry,28.368439,se coucher avec les poules,27.003801,currys,26.657171
DAS - Déchets d'Activités de Soins,activités,41.889496,non activités,39.853798,inactivités,38.006786
Décarbonatation,carbonatation,49.353455,décarbonata,47.10558,décarbonations,45.90531
Déchargement annuel de poids lourds,poids lourds,49.040314,poids mi lourds,49.040314,déchargement,44.431423
Déchet cuisine et déchets verts,déchets verts,65.60099,déchet vert,55.932045,déchets,55.59898
Déchet de jardin,jardin,29.365705,le jardin,29.365705,rez de jardin,27.69506
Déchet du bâtiment,bâtiment,36.93137,bâtiments,35.04495,bâtimens,34.52387
Déchets alimentaires,alimentaires,40.707165,alimentaire,39.002953,agro alimentaires,37.394604
Déchets minéraux,minéraux,34.204746,déchets,31.92973,sels minéraux,30.710445
Décodeur,décodeur,37.971825,décodeurs,36.032257,codeur,31.233826
Décodeur Canal +,décodeur,37.971825,décodeurs,36.032257,codeur,31.233826
Déforestation forêt tempérée continentale,forêt tempérée humide,50.674892,déforestation,49.375107,déforestations,47.28094
Déforestation forêt tempérée océanique,forêt tempérée humide,50.674892,déforestation,49.375107,déforestations,47.28094
Déforestation forêt tropicale,forêt tropicale humide,51.10543,déforestation,49.375107,déforestations,47.28094
Déjections animales en pâture,déjections,42.206593,déjection,41.82985,cône de déjection,37.95267
Démodulateur d'antenne parabolique,démodulateur,52.79686,démodulateurs,50.557568,modulateur,46.847275
Déplacement annuel domicile-travail,déplacement,46.45001,déplacement qu,46.45001,travailleur à domicile,44.42233
Dinde,dindes,22.332787,dinde,22.332787,pintade dinde,16.90627
Dioxyde de carbone d'origine chimique,dioxyde de carbone,62.349716,oxyde de carbone,52.091938,monoxyde de carbone,47.477432
dioxyde de soufre liquide,dioxyde de soufre,62.034966,dioxydes de soufre,62.034966,trioxyde de soufre,53.65174
DIS - Déchets Industriels Spéciaux,déchets industriels banals,53.56501,industriels,49.89643,déchet industriel banal,48.766182
"Distance parcourue annuellement, mobilité longue distance",longue distance,73.007065,de distance en distance,70.72194,distance,65.19724
"Distance parcourue annuellement, mobilité quotidienne",quotidiennement,50.55106,quotidienne,49.09729,annuellement,48.800556
Drainage / gestion des sols,drainages,36.32289,drainage,31.931082,rainages,31.75391
DSL,dsl,18.27922,sdsl,17.025282,xdsl,17.025282
Eau,eau,8.344523,eaux,8.344523,niveau d eau,8.314667
Eau de reseau,seau,26.451166,seaux,26.451166,réseau des réseaux,25.491562
Eau du robinet (région parisienne) avec utilisation,utilisation,39.911594,régionalisation,39.01609,eau du robinet,38.945793
Eau du robinet (région parisienne) hors utilisation,utilisation,39.911594,régionalisation,39.01609,eau du robinet,38.945793
Eau minérale,eaux minérales,40.46619,eau minérale,40.46619,minérale,36.54578
Éclair au chocolat,chocolat au lait,40.985855,lait au chocolat,40.985855,chocolats au lait,38.994072
Eclairage,clairage,33.584286,éclairage,31.86883,clairages,31.86883
Ecran,recran,19.709694,recranta,17.587803,recrante,17.587803
Ecran cathodique,écran cathodique,48.464832,cathodique,45.713387,cathodiques,43.49186
Ecrans,recran,19.709694,crans,19.546902,écrans,18.367775
Electricité,électricité,38.959633,électricités,37.154064,la fée électricité,37.154064
Électricité,électricité,45.191704,électricités,43.097313,la fée électricité,43.097313
Électricité en Europe,électricité,45.191704,électricités,43.097313,la fée électricité,43.097313
Electricité exportée,exportée,42.709526,exportées,40.52796,électricité,38.959633
Emissions évitées,évitées,33.011528,évitée,29.757826,réévitées,29.639126
Enceinte,enceinte,36.089878,enceintes,36.089878,enceinter,34.246437
Encre couleur impression offset,offset,45.266945,offsets,42.691666,impression,36.37232
Encre d'imprimerie en solution toluène,toluène,55.40328,toluènes,52.42099,nitrotoluène,43.13368
Endive,endive,28.081793,endives,26.484192,mendive,26.484192
Endives au jambon,endives,34.01128,jambon,31.24509,jambons,29.467527
Engrais,engrais,26.500996,engraissa,23.7937,engraisse,23.7937
Enrobé,enrobé,35.844982,enrobée,33.805725,enrobés,33.805725
Enrobés bitumineux,enrobés,44.11584,bitumineux,43.43123,pré enrobés,41.741142
Ensemble articulé,articulé,37.909782,ensemble,36.65879,ensembles,36.65879
Epandage d'engrais minéraux,minéraux,34.204746,épandage,31.703392,sels minéraux,30.710445
Epandage d'engrais organiques,engrais organique,49.461052,organiques,41.04023,organique,37.698677
Épices,épice,24.71785,z épice,24.71785,épices,24.71785
Epinard,pinard,25.815367,épinard,24.346706,pinards,24.346706
"Equitation, bombe",équitation,29.638548,bombe à fragmentation,28.638746,équitations,28.198208
"Equitation, cravache",cravache,37.373436,cravacher,35.46443,cravaches,35.46443
"Equitation, harnais",équitation,29.638548,harnais,28.927105,équitations,28.198208
"Equitation, pantalon",pantalon,32.500107,pantalon 3 4,32.500107,pantalons,30.840029
"Equitation, selle",équitation,29.638548,équitations,28.198208,gravitation universelle,24.56831
"Equitation, veste",équitation,29.638548,équitations,28.198208,citation,24.392736
"Escrime, épée",escrime,34.060604,escrimes,34.060604,escrimer,32.227165
"Escrime, fleuret",escrimeur,35.443,escrime,34.060604,escrimes,34.060604
"Escrime, masque",escrime,34.060604,escrimes,34.060604,escrimer,32.227165
"Escrime, pantalon",escrime,34.060604,escrimes,34.060604,pantalon,32.500107
"Escrime, sabre",escrime,34.060604,escrimes,34.060604,escrimer,32.227165
"Escrime, un mètre de fil conducteur diam 1,1mm",fil conducteur,50.044937,fils conducteurs,47.828346,conducteur,46.45485
"Escrime, un mètre de fil conducteur diam 1mm",fil conducteur,50.044937,fils conducteurs,47.828346,conducteur,46.45485
Essence,essence,24.481768,essences,24.481768,ressences,23.163946
Essence aviation (AvGas),aviation,33.940582,aviations,32.20693,champ d aviation,29.221691
Etablissement d'enseignement,établissement d enseignement,67.19465,enseignement,58.22826,établissement public local d’ enseignement,58.206173
Etablissement de santé,établissement,38.892845,rétablissement,37.310383,établissements,37.310383
Ethanol rectifié d'origine viti-vinicole,vitivinicole,41.251896,vitivinicoles,41.251896,vinicoles,37.27148
Etiquettes papier imprimé,imprimé,35.8085,ré imprimé,35.8085,surimprimé,34.19474
Far breton,far breton,28.175623,breton,21.296795,le breton,21.296795
Farine,farine,25.245596,fariner,23.80935,farineux,23.80935
Fer à repasser,fer à repasser,26.51949,fers à repasser,25.164898,repasser,21.411703
Ferry,ferry,26.292664,car ferry,24.706612,ferrys,24.706612
Fertilisation azotée,fertilisation,43.590187,fertilisations,41.816605,fertilisa,34.744717
Féverole,féverole,41.184193,féveroles,41.184193,féverolles,33.283043
Fibre de verre,fibre de verre,39.99887,fibre,27.286205,fibre c,27.286205
Fil de palissage inox neuf 18/8,palissage,34.55631,palissages,32.87698,dépalissage,31.353312
Fil de palissage inox recyclé 18/9,recyclé,40.569668,recyclée,38.385853,recyclés,38.385853
Filet mignon de porc,filet mignon,42.75201,filets mignons,38.789356,mignon,28.819927
Films plastiques PET (pas recyclable),recyclable,49.888443,recyclables,49.888443,recyclas,41.29859
Finition post-tannage du cuir,finition,32.30389,tannage,30.807566,finitions,30.653835
Fioul domestique,poule domestique,32.019463,domestique,31.543701,poulet domestique,30.535534
Fioul lourd,fioul,26.666134,fiouls,25.057552,fiou,21.33222
Fioul Lourd,fioul,26.666134,fiouls,25.057552,fiou,21.33222
Foin,foin,19.169233,foins,17.93866,foina,17.93866
Fondant au chocolat,fondue au chocolat,41.60551,chocolat,38.40165,pas de chocolat,38.40165
Fongicide moyen,fongicide,43.16804,fongicides,43.16804,rongicide,36.67744
Forêts fermées,forêts,40.244408,eaux et forêts,37.954865,fermées,34.341286
Forêts fermées et ouvertes,il faut qu’ une porte soit ouverte ou fermée,41.48696,forêts,40.244408,eaux et forêts,37.954865
Four,au four,13.782502,four,13.782502,fours,12.897731
Fourgon,fourgon,33.709248,fourgon de queue,31.894722,fourgons,31.894722
Fraises,fraise,17.227123,fraises,17.227123,fraiser,16.247055
Fraises moyenne,moyen de moyenner,36.543304,moyens de moyenner,35.306274,moyenne,35.136513
Frites,frite,21.86425,frites,21.86425,me frite,21.86425
Fromage,fromage,33.457153,fromage à la pie,31.656197,fromager,31.656197
Fruit (ou légume),légume fruit,49.839535,légumes fruits,47.41749,légume,33.617363
Fruit de palmier à huile frais,palmier à huile,48.99224,palmiers à huile,46.721714,palmier à huile d’ afrique,41.018715
Fumier en tas,fumier,30.219631,ver du fumier,28.500406,fumiers,28.500406
Garage,garage,26.581661,garages,25.069405,garage à bite,23.719952
Gaz d'aciérie,aciérie,33.672703,aciéries,31.860144,aciériez,31.860144
Gaz de cokerie,cokerie,36.915836,cokeries,34.928703,décokeriez,31.533854
Gaz de haut fourneau,haut fourneau,44.30124,hauts fourneaux,42.24812,fourneau,38.64459
Gaz naturel,gaz naturel,38.744804,gaz naturels,36.765755,au naturel,32.032864
Gaz naturel - 2015,gaz naturel,38.744804,gaz naturels,36.765755,au naturel,32.032864
Gazier,gazier,32.869118,gaziers,30.999159,gaziez,27.702763
Gazinière,gazinière,46.6442,gazinières,44.37744,gazière,28.865713
Gazole,gazoles,35.42403,gazole,35.42403,azole,27.637161
Gazole non routier,gazoles,35.42403,gazole,35.42403,routier,28.518312
Gazole routier,gazoles,35.42403,gazole,35.42403,routier,28.518312
Génisse race à viande,viande,28.066475,viandes,28.066475,se viander,26.469748
Gigot d'agneau,agneaux,30.423246,agneau,30.423246,agneaux de lait,28.69244
Glace à la Vanille,vanille,28.527624,vanilles,28.527624,vaniller,26.992018
Glace à la vanille,vanille,28.527624,vanilles,28.527624,vaniller,26.992018
Glissière de sécurité,glissière de sécurité,56.97196,sécurité,40.0057,barrière de sécurité,38.23401
"GNC, Gaz Naturel Comprimé pour véhicule routier",gaz naturel pour véhicules,66.8794,véhicule,46.35495,véhicules,46.35495
"GNL, Gaz Naturel Liquéfié",gaz naturel liquéfié,62.41243,gaz naturel liquéfiés,59.9723,reliquéfié,44.804558
"Golf, balle",balle de golf,34.795513,golf,21.900688,golfe,20.494768
"Golf, club",golf,21.900688,club,21.60965,golfe,20.494768
Gousse de Vanille,vanille,28.527624,vanilles,28.527624,vaniller,26.992018
GPL pour véhicule routier,véhicule,46.35495,véhicules,46.35495,véhiculez,43.987175
Grand vin / champagne,champagne,40.865215,aÿ champagne,40.865215,champagne au mont d’ or,40.865215
Grande truite,truite,29.431328,truites,29.431328,truite de lac,27.75695
"Granulat, grave",granulat,42.70479,granulats,40.523468,granula,38.818897
Granulats,granulats,43.415897,granulat,37.654526,granula,33.48132
Granulés bois,granulés,40.50496,regranulés,36.56813,granulé,35.49339
Granulés bois_,granulés,40.50496,regranulés,36.56813,granulé,35.49339
Gratin dauphinois,gratin dauphinois,57.636528,gratins dauphinois,55.38312,dauphinois,50.201935
Gratin de choux fleur sauce béchamel,sauce béchamel,52.711628,béchamel,39.181732,choux fleurs,36.85136
"Grave, bitume 3",bitume,31.964233,bitumes,31.964233,il bitume,31.964233
"Grave, ciment préfissurée",grave ciment,38.155346,grave ciments,36.301117,graves ciment,36.301117
"Grave, émulsion",émulsion,38.0581,émulsions,36.11413,émulsionna,34.359093
"Grave, liant hydraulique",hydraulique,47.935734,hydrauliques,45.714172,pelle hydraulique,41.836384
"Grave, liant routier préfissurée",fissurée,33.105164,fissurées,31.323156,refissurée,29.723196
"Grave, non traitée",sur traitée,22.26279,traitée,22.26279,grave,21.4206
Groupe électrogène,groupe électrogène,64.09303,groupes électrogènes,59.444817,électrogène,53.965485
"Gymnastique, agrès barre fixe",gymnastique,50.121296,pas de gymnastique,50.121296,gymnastiques,47.798443
"Gymnastique, agrès barres assymétriques",gymnastiques,56.452793,barres asymétriques,56.15053,gymnastique,54.18502
"Gymnastique, agrès barres parallèles",barres parallèles,53.80722,gymnastique,50.121296,pas de gymnastique,50.121296
"Gymnastique, paire de chaussons",gymnastique,50.121296,pas de gymnastique,50.121296,gymnastiques,47.798443
"Gymnastique, tatami",gymnastique,50.121296,pas de gymnastique,50.121296,gymnastiques,47.798443
Hachis parmentier,hachis parmentier,48.14348,parmentier,34.049706,parmentiers,32.394997
Hamburger,hamburger,44.792034,hamburgers,42.615284,burger,29.26801
"Handball, ballon",handball,59.41777,handballs,56.382767,handballeur,51.15669
"Handball, short 100% PE",handball,47.80028,handballs,45.35869,handballeur,41.154423
Haricot blanc,haricot blanc,41.193428,haricots blancs,37.544353,haricot,30.835546
Haricots verts,haricots verts,49.41968,haricot vert,38.258045,haricots,37.343006
Herbe conservée,conservée,39.449883,conservées,37.53274,auto conservée,35.793304
Herbe pâturée,pâturée,37.549057,pâturées,35.52784,pâturé,34.386818
Herbicide,herbicide,40.90063,herbicides,40.90063,herbicole,26.363773
Hexane,hexane,36.472805,n hexane,36.472805,hexanes,34.39783
HFO (Heavy Fuel Oil),heavy rain,38.23616,heavy metal,36.17796,superheavy,32.66169
Hi Fi compact,σ compact,32.581757,compact,32.581757,compacta,30.827923
Home cinéma,home cinéma,42.79363,le home cinéma,42.79363,les home cinémas,40.60777
Home Cinema,home cinema,39.40214,home cinemas,37.389515,home cinéma,20.942595
Houille,houille,25.804108,houilles,25.804108,houiller,24.415104
Huile d'olive,huiles d olive,39.154007,huile d’ olive,39.154007,huile d olive,39.154007
Huile de colza,huile de colza,48.53116,colza,34.025627,colzas,31.973099
Huile de tournesol,huile de tournesol,50.964108,tournesol,39.795113,tournesols,37.861195
Huiles de schistes,huile de schiste,43.991077,schiste,30.361145,schistes,30.361145
Hypochlorite de sodium 15% (alcalin chloré),hypochlorite de sodium,85.1487,chlorite de sodium,76.92982,hypochlorite de calcium,74.004715
Île flottante,île flottante,44.20098,îles flottantes,44.20098,flottante,37.17152
Immeubles de bureaux,immeuble de bureaux,57.74746,immeuble,43.497562,immeubles,43.497562
Immeubles de logements collectifs (IC),collectifs,43.747284,immeuble,43.497562,immeubles,43.497562
Imprimante,imprimante,41.86168,imprimantes,41.86168,imprimante 3d,41.86168
Industrie,industrie,40.406097,industriel,38.442486,industrieux,38.442486
Insecticide moyen,insecticide,45.959408,insecticides,45.959408,moyenne section,35.342247
Jean,jean jean,24.151947,jean,21.747524,st jean,21.747524
Jeux vidéo,jeu vidéo,35.958416,jeux vidéo,35.958416,jeu vidéo de rôle,32.087227
"Judo, kimono",kimono,30.346966,kimonos,30.346966,makimonos,26.894026
"Judo, pantalon de kimono",pantalon,32.500107,pantalon 3 4,32.500107,pantalons,30.840029
"Judo, tatami",tatami,28.8281,tatamis,27.188042,tatamisa,25.724545
Jus d'orange,jus d’ orange,32.346676,jus d orange,32.346676,orange,25.130821
Kérosène,kérosène,50.297504,kérosènes,47.72835,biokérosène,43.304443
Ketchup,ketchup,47.627716,ketchups,45.063976,ketch,31.605158
"Kieselguhr, diatomites, perlites",kieselguhr,69.363495,kieselguhrs,66.14887,diatomite,47.28868
Laine,laine,17.004778,laine de fer,15.978998,laineux,15.978998
Lait,lai,6.554525,lait,6.554525,laie,6.554525
Lait de brebis,brebis,28.801264,tue brebis,27.162731,brebis galeuse,23.20266
Lait de chèvre,chèvre,37.63769,chèvres,35.496445,chèvre de feu,35.496445
Lait de vache,vache à lait,26.122158,vaches à lait,24.636042,la vache,22.086094
Lapin,lapin,24.488907,mon lapin,24.488907,lapine,23.011663
Lapin à la moutarde,moutarde,35.05156,moutardes,35.05156,gaz moutarde,33.261158
Lapine de reforme,reforme,33.00177,reformes,33.00177,reformez,31.225328
Laquage PU du cuir,laquage,35.489166,plaquage,33.57883,claquage,33.57883
Laque PU,laque,17.926075,laquer,16.775305,flaque,16.775305
Lardons,lardons,28.312056,lardon,27.028975,délardons,25.419744
Lasagnes,lasagnes,37.181084,lasagne,34.04116,sagnes,27.846655
Lave-linge,lave linge,32.595047,lave linges,30.840496,laver son linge sale,27.842995
Lave-vaisselle,lave vaisselle,40.81477,lave vaisselles,40.81477,vaisselle,32.0869
Lecteur DVD,lecteur,32.29024,lecteur de cd,32.29024,lecteur cd,32.29024
Légumes (ou fruits),légumes fruits,54.81713,légume fruit,49.839535,fruits,34.426666
Lentille saucisse,saucisse,35.040356,saucisses,35.040356,saucisson,31.965036
Lentilles vertes,lentille,27.324493,lentilles,27.324493,lentille d eau,25.928782
Levure liquide,levure,35.973774,levures,33.927193,levurer,33.927193
Levure pressée,levures,38.3351,élevures,36.27157,levure,35.973774
Levure sèche,levure,35.973774,levures,33.927193,levurer,33.927193
LFO (Light Fuel Oil),fuel oil,31.261456,fuel oils,31.261456,light,30.523674
Lignite,lignite,32.663265,lignites,32.663265,pyrolignite,26.608196
Liseuse,liseuse,22.066582,liseuses,22.066582,avaliseuses,18.685156
Livre de 300 g,livre,26.512835,livre d or,26.512835,livre d’ or,26.512835
Logements de standing,logements,39.06526,mal logements,37.166813,délogements,35.444332
Logements sociaux,logements sociaux,55.61373,logement social,46.34546,logements,39.06526
Luzerne,luzerne,42.399437,la luzerne,42.399437,luzernes,40.11713
Machine à pain,machine,31.547676,la machine,31.547676,machiner,29.849506
Machines,machines,34.82182,mi machines,34.82182,machine,31.547676
Magnétoscope,magnétoscope,58.018852,magnétoscoper,55.55808,magnétoscopes,55.55808
Magret canard,magret,28.756208,magrets,27.12024,canard,26.159138
Magret de canard,magret,28.756208,magrets,27.12024,canard,26.159138
Maintenance multitechnique,maintenance,42.545185,maintenances,42.545185,technique,42.48926
Maïs,maïs,24.43569,épi de maïs,22.867035,maïssa,21.487627
Maïs ensilage,ensilage,37.341812,ensilages,35.434425,silage,28.752644
Maïs fourrage,fourrage,35.60744,fourragea,33.788643,fourrages,33.788643
Maïs grain,maïs,24.43569,épi de maïs,22.867035,maïssa,21.487627
Maïs grain humide,humide,32.548306,humides,32.548306,toux humide,29.044243
"Maison éco-construite « bois, paille, pierre, terre »",bois de la pierre,46.483376,pierre de taille,43.24994,taille de pierre,43.24994
Maisons individuelles (MI),individuelle,55.980824,individuelles,55.980824,individuel,53.21551
Mandarine,mandarine,37.759953,mandarines,35.92494,mandarin,35.202095
Mangue,mangue,25.437786,mangues,23.990604,mangueraie,21.539766
Manteau,manteau,29.815619,manteaux,29.815619,le manteau,29.815619
Margarine,margarine,38.77612,margarines,36.891724,démargarine,35.18199
Matelas,matelas,30.19492,matelas à eau,28.569567,matelassa,27.110258
MDO (Marine Diesel Oil),diesel,30.211987,diesels,28.493198,biodiesel,25.582382
Melon,melon,22.732277,melon d eau,21.360998,melons,21.360998
Méthanol,méthanol,40.60993,le méthanol,40.60993,éthanol,36.28085
Métro,métro,20.666876,métros,19.420189,métrons,18.315355
"Métro, tramway, trolleybus",trolleybus,61.257675,tramway,51.070713,tramways,48.321644
Micro-onde,micro onde,33.38499,micro ondes,33.38499,micro onder,31.587921
"Micro-organismes et extraits (bactéries, levures, écorces de levures)",levures,76.6702,élevures,72.54314,levure,71.94755
Mini-four,mini fourgon,20.572538,mini fourgonnette,16.387295,fourneau de mine,14.752985
Minichaîne portable,minichaîne,48.794914,minichaînes,46.533535,miniportable,39.60611
Miscanthus,miscanthus,48.229446,canthus,36.274757,acanthus,34.322136
Mobilier,mobilier,36.967884,mobiliers,35.079597,mobilier de rue,35.079597
Modem,modem,26.38329,modems,24.79177,demodex,23.381344
Molluscides (methiocarbe),molluscide,49.910187,molluscicide,47.59712,molluscicides,47.59712
Monomur terre cuite,terre cuite,35.439682,terres cuites,33.62945,cuiter,26.242296
Montant des achats,achats,28.704607,rachats,27.071573,bachats,27.071573
Montre connectée,montre connectée,42.214478,connectée,38.019115,sur connectée,38.019115
Moteur électrique,électrique,40.298893,électromoteur,39.833637,compteur électrique,39.19229
Moto,moto,17.048925,moton,17.048925,motos,15.954466
Moules - autres crustacés,crustacés,46.86525,crustacé,40.84045,crustacée,38.754356
Moules-frites,moules frites,35.74092,moule bite,24.070024,frite,21.86425
Mousse au chocolat,chocolat,38.40165,pas de chocolat,38.40165,chocolata,36.44013
Moutarde,moutarde,35.05156,moutardes,35.05156,gaz moutarde,33.261158
"Mur, bardage",bardage,33.269905,bardages,31.47903,débardage,29.871109
"Mur, béton",béton,19.404545,bétons,18.158867,néo béton,18.158867
"Muselet - 5,6 g",muselet,35.539654,muselets,33.6266,museleta,33.6266
Naphta,naphta,35.86413,naphtas,33.823784,naphtagil,30.368402
"Natation, lunettes de natation",natation,62.736668,natations,59.532135,état nation,50.50802
"Natation, maillot",natation,31.368334,natations,29.766068,maillotions,28.752285
"Natation, pince nez",natation,31.368334,natations,29.766068,pince nez,28.029781
Navet,navet,27.037806,navets,25.406807,chou navet,23.961388
Navette fluviale de tourisme,fluviale,43.81848,fluviales,43.81848,fluvial,40.339855
Navette maritime,maritime,35.599045,maritimes,35.599045,navette,34.957935
Nickel,nickel,36.458015,nickelé,34.383884,nickela,34.383884
Nitrate d'ammoniaque phosphate,phosphate d ammonium,56.230087,phosphate,51.45012,phosphates,51.45012
Noix,noix,19.313625,à la noix,19.313625,noix de pin,18.073782
Nylon,nylon,27.160686,nylons,25.522274,alcénylons,20.561066
Oeuf,oeuf,24.069736,boeuf,22.524574,moeuf,22.524574
Oignons,moignons,29.785501,oignons,29.785501,soignons,29.785501
Olives,olives,29.445778,solives,27.770578,olivese,27.770578
Omelette,omelettes,38.31896,omelette,38.31896,melette,33.14444
Orange,orange,25.130821,z orange,25.130821,oranger,23.701105
Ordinateur,ordinateur,43.197357,ordinateurs,41.195393,mini ordinateur,39.370766
Ordures ménagères,ordures ménagères,63.581234,benne à ordures ménagères,56.92022,ménagères,50.0709
Orge,orge,16.565136,jorge luis borges,15.96418,forge,15.501733
Orge de brasserie,brasserie,25.37448,brasseries,24.14136,brasseriez,24.14136
Orge fourragère,fourragère,47.357475,fourragères,45.162716,fève fourragère,43.162365
Paëlla,paëlla,46.9951,paëllas,44.321503,gaëlla,31.528666
Paille,paille,21.552353,pailles,21.552353,sur la paille,21.552353
Pain,pain,14.514395,pain au lait,13.58264,pain bis,13.58264
Palmipède gras,palmipèdes,58.9991,palmipède,58.9991,rémipèdes,39.39356
Pamplemousse,pamplemousse,51.11407,pamplemousses,51.11407,jus de pamplemousse,48.946148
Panacotta,panacotta,41.85726,panacottas,39.82313,panna cotta,24.740156
Panneau de plafond suspendu,suspendu,44.024445,pont suspendu,41.775715,suspendue,41.775715
Papier,papier,28.343143,papier ph,28.343143,sur le papier,28.343143
Parking,parking,36.485847,parkings,34.41013,barking dog,32.557877
Part du bus dans les transports en commun,transports en commun,61.875465,transport en commun,57.47496,transports,50.972546
Pâte à papier,pâte à papier,37.650352,gâte papier,29.9589,gâte papiers,28.428627
Pâte à tarte,pâte à tarte,32.302635,pâte à tartiner,21.765324,tarte,21.711353
Pâtes,pâte,15.749696,pâtes,15.749696,gâte pâte,15.224717
Pavé de saumon grillé,saumon,26.784264,saumont,26.784264,grillé,25.668137
Pêche,pêche,26.153309,pêcher,24.57566,pêches,24.57566
PET bouteille,bouteille,36.262054,bouteilles,36.262054,la bouteille,36.262054
Petites fournitures,fournitures,45.342377,fourniture,43.780594,autofournitures,38.25139
Pétrole Brut,pétrole brut,43.438225,pétrole,32.657253,pétroles,32.657253
Pétrole brut,pétrole brut,43.438225,pétrole,32.657253,pétroles,32.657253
Pétrolier,pétrolier,38.452747,pétroliers,36.584064,état pétrolier,34.888588
Photocopieurs,photocopieurs,55.386314,photocopieur,52.898403,photocopieuse,48.682472
Phytosanitaire moyen,phytosanitaire,58.438526,phytosanitaires,56.153763,zoosanitaire,37.197445
Pierre à chaud,pierre à chaux,34.17036,pierres à chaux,32.42497,le champ de la pierre,26.071682
Pierres de carrière,pierrières,42.03385,pierrière,40.223305,carrières,38.612495
Pile alcaline  AAA,pile alcaline,43.760986,alcaline,35.443527,alcalines,33.633102
Pile alcaline AA,pile alcaline,43.760986,alcaline,35.443527,alcalines,33.633102
Piment et poivre,poivre,34.368595,poivrent,33.076065,poivrer,32.413334
Piquets acacia,acacia,30.76521,piquets,29.663897,acacias,29.014946
Piquets acier galvanisé (acier 40% recyclage),recyclage,46.163853,recyclages,43.920433,galvanisé,42.048336
Piquets acier galvanisé,galvanisé,42.048336,galvanisée,40.004917,galvanisés,40.004917
Pirogues,pirogues,38.40479,pirogue,34.723206,piroguer,32.8541
Pizza,pizza,37.44895,pizzas,35.189922,pizza hut,35.189922
Plaquettes forestières,forestières,42.979237,la forestière,42.322067,forestière,42.322067
Plaquettes forestières_,forestières,42.979237,la forestière,42.322067,forestière,42.322067
Plastique,plastique,31.949333,plastiquer,30.31739,art plastique,30.31739
Plastique moyen,plastique,31.949333,plastiquer,30.31739,art plastique,30.31739
Plastique PE,plastique,31.949333,plastiquer,30.31739,art plastique,30.31739
Plastique PET,plastique,31.949333,plastiquer,30.31739,art plastique,30.31739
Plastique PP,plastique,31.949333,plastiquer,30.31739,art plastique,30.31739
Plastique PS,plastique,31.949333,plastiquer,30.31739,art plastique,30.31739
Plastique PVC,plastique,31.949333,plastiquer,30.31739,art plastique,30.31739
Plomb,plomb,24.063313,à plomb,24.063313,aplomb,22.611742
"Plongée, bouteille",bouteille de plongée,54.775547,bouteilles de plongée,54.775547,bouteille,36.262054
"Plongée, masque",masque de plongée,49.60085,plongée,36.20118,plongées,34.252518
"Plongée, tuba",plongée,36.20118,plongées,34.252518,déplongée,32.50293
Pneumatiques Usagés,pneumatiques,50.497734,pneumatique,47.940563,neumatiques,44.028038
Poids lourd,poids lourd,43.376793,poids mi lourd,43.376793,poids lourds,41.161144
Poire,poire,21.307117,ma poire,21.307117,sa poire,21.307117
Poire belle hélène,poire belle hélène,55.74668,hélène,38.10443,marie hélène,32.26541
Poireau,poireau,33.410805,poireau d’ été,33.410805,poireaux,33.410805
Pois,pois,13.512022,bois de pois,13.093004,poison,12.644613
Pois d'hiver,hiver,23.89452,l’hiver,23.89452,d’hiver,23.89452
Pois de printemps,printemps,40.484776,de printemps,40.484776,le printemps,40.484776
Poisson (pêche),poisson pêcheur,36.719166,poissons pêcheurs,33.604393,pêche,26.153309
Poisson,poisson,23.218525,poisson lune,21.897598,poissons,21.897598
Poivron,poivron,37.032806,poivrons,35.039375,poivrot,33.34526
Polaire,polaire,29.574415,apolaire,27.982462,polaires,27.982462
Polo,polo,15.06558,polos,14.098442,sampolo,12.494291
Pomme,ma pomme,23.792429,pomme,23.792429,une pomme,23.792429
Pomme à cidre,pomme à cidre,44.175846,pommes à cidre,44.175846,pommier à cidre,34.183266
Pomme de table,pomme de table,38.407204,l homme au sable,23.831156,ma pomme,23.792429
Pomme de terre,pomme de terre,35.71388,pommes de terre,35.71388,pain de pommes de terre,32.242718
Pomme de terre de consommation destinée à l’industrie,consommation,46.917908,consommations,45.807182,non consommation,44.92796
Pomme de terre destinée au marché du frais,pomme de terre,35.71388,pommes de terre,35.71388,pain de pommes de terre,32.242718
Pomme de terre fécule,pomme de terre,35.71388,pommes de terre,35.71388,pain de pommes de terre,32.242718
Pomme non tolérante à la tavelure,tavelure,43.432205,tavelures,41.213722,tolérante,38.9199
Pomme tolérante à la tavelure,tavelure,43.432205,tavelures,41.213722,tolérante,38.9199
Pommes de terre,pomme de terre,35.71388,pommes de terre,35.71388,pain de pommes de terre,32.242718
Pommes de terre au confit de canard,pomme de terre,35.71388,pommes de terre,35.71388,pain de pommes de terre,32.242718
Pompe de piscine,piscine,33.86663,piscines,32.043633,piscina,29.015053
Ponçage du cuir,ponçage,39.62951,ponçages,37.496304,fonçage,33.207825
Porc,porc,17.112057,porcs,16.013544,queue de porc,16.013544
Porte-conteneurs,porte conteneurs,48.023685,porte conteneur,45.079254,conteneurs,37.888474
Pot au feu,pot au feu,18.203936,pot à feu,18.203936,pots au feu,17.035328
Poule de réforme,réforme,35.017353,réformes,35.017353,préforme,33.132416
Poule de reforme,reforme,33.00177,reformes,33.00177,reformez,31.225328
Poulet de chair,chair de poule,33.97278,la chair de poule,33.97278,avoir la chair de poule,29.249413
Poulet entier,mon poulet,26.429243,poulet,26.429243,poulets,24.925657
Poulet frites,moules frites,29.618843,mon poulet,26.429243,poulet,26.429243
Poutrelle en béton,poutrelles,36.114914,poutrelle,36.114914,putrelle,26.657045
PP - polypropylène,polypropylène,71.528625,polypropylènes,68.61829,propylène,55.788383
Prairies,prairies,32.527473,lys des prairies,30.866,loup des prairies,29.366007
Produits anti-mousse,anti produits,47.012157,sous produits,43.70417,produits,43.32403
Produits de traitement de la vapeur d'eau,produits,43.32403,co produits,43.32403,produits de beauté,40.666576
Profiteroles,profiterole,47.923035,profiteroles,47.923035,profiter,38.991592
Propane,propane,32.875256,propanes,31.105625,propan 1 ol,27.602509
Pull,pull,18.969204,pull up,18.969204,pulls,17.751472
Quatre quarts,quatre quarts,50.12121,quatre quart,43.998848,quat’z’ arts,37.044296
Quiche lorraine,quiche lorraine,44.628517,ouiche lorraine,42.65183,quiches lorraines,40.842823
Racks (baies ou cabinets),cabinets,39.710163,cabinet,33.70884,anticabinets,32.6748
Raclette,raclette,38.315685,raclettes,38.315685,paraclet,29.498955
Radis,radis,21.43098,paradis,20.1382,le paradis,20.1382
Raisin,raisin,19.382647,jus de raisin,18.27995,raisins,18.27995
Raisin vigne,avignerais,22.579605,vigne,22.450695,vignec,21.096403
Ramette de papier,rame de papier,37.797234,ramette,32.19552,ramettes,32.19552
Ramette de papier blanc,rame de papier,37.797234,ramette,32.19552,ramettes,32.19552
Raquette,la raquette,32.088337,les raquettes,32.088337,raquettes,32.088337
Ratatouille de saison,ratatouille,41.40175,ratatouilles,41.40175,tatouille,34.510338
Recyclage en place à chaud (REC),recyclage,50.249607,recyclages,47.807632,recycla,43.143875
Recyclage en place à l'émulsion,recyclage,46.163853,recyclages,43.920433,recycla,38.593235
Réfrigérateur,réfrigérateur,57.240776,réfrigérateursréfrigérateurs,55.93883,réfrigérateurs,54.91178
Réfrigérateur-congelateur,réfrigérateur,70.87043,réfrigérateursréfrigérateurs,69.25848,réfrigérateurs,67.98688
Réfrigération commerciale,réfrigération,53.17135,réfrigérations,51.00793,réfrigératif,49.26052
Réfrigération fret maritime,réfrigération,53.17135,réfrigérations,51.00793,réfrigératif,49.26052
Réfrigération fret routier,réfrigération,53.17135,réfrigérations,51.00793,réfrigératif,49.26052
Réfrigération industrielle,réfrigération,53.17135,réfrigérations,51.00793,réfrigératif,49.26052
Réfrigétateur,réfrigérateur,42.291107,réfrigérateursréfrigérateurs,41.329193,réfrigérateurs,40.57038
Régulateur de croissance,régulateur,45.328857,régulateur de ph,45.328857,régulateurs,43.22811
Repas,repas,14.15273,repaie,13.244192,repait,13.244192
Répondeur téléphoni,téléphonie,42.22449,répondeur,42.18477,téléphonique,40.267612
Répondeur téléphonique,téléphonique,50.183273,téléphoniques,47.960556,répartiteur téléphonique,44.10881
RER,rer,5.838191,rerererererecommence,5.7210493,rerererererecommences,5.7210493
Réseau de chaleur,réseau des réseaux,32.56608,réseau,29.715134,réseaux,29.715134
Réseau de froid,réseau des réseaux,32.56608,réseau,29.715134,réseaux,29.715134
"Résidentiel, appartement",résidentiel,47.382618,présidentiel,45.283947,résidentiels,45.283947
"Résidentiel, maison",résidentiel,45.30984,présidentiel,43.30298,résidentiels,43.30298
Résidu de culture,culture,33.093273,culture gé,33.093273,en culture,33.093273
Riz,riz,12.797861,vin de riz,11.919941,eriz,11.919941
Riz Thaï (Riz jasmin),jasmin,35.1177,faux jasmin,33.11982,jasmine,33.11982
Robe,robe,19.076843,rober,17.8522,arobe,17.8522
Robot multifonction,multifonction,52.77715,multifonctions,50.62977,multifonctionnel,46.819794
Rose fleur coupée hors sol,fleur coupée,43.63215,coupée,31.181623,coupées,29.40767
Roulier,le roulier,29.053722,roulier,29.053722,rouliers,27.4898
Sac à dos,sac à dos,18.512056,sacs à dos,17.32367,dos à dos,12.009859
Salade,salade,29.413021,salades,29.413021,salade de blé,27.739685
Salade de fruits,salade de fruits,51.430058,salades de fruits,51.430058,fruits,34.426666
Salade de tomates,salade,29.413021,salades,29.413021,salade de blé,27.739685
Salade de tomates mozzarella,mozzarella,56.57246,mozzarellas,53.950634,mozzarelle,52.32297
Salade niçoise,salade niçoise,57.96245,salades niçoises,57.96245,niçoise,43.412933
Salade verte,salade,29.413021,salades,29.413021,salade de blé,27.739685
Salon de jardin,jardin,29.365705,le jardin,29.365705,rez de jardin,27.69506
Sauce tomate,sauce tomate,43.715614,sauces tomate,43.715614,tomate,26.925404
Saucisse de porc,saucisse,35.040356,saucisses,35.040356,saucisson,31.965036
Saucisson de porc,saucisson,37.616203,saucissons,35.694798,saucissonna,33.960144
Saumure (chlorure de sodium),chlorure de sodium,67.31117,chlorure de rubidium,50.13939,fluorure de sodium,49.267097
Scanner,scanner,28.461344,scannera,26.929306,scanners,26.929306
Sciures et chutes de scieries,sciures,46.335335,sciure,44.45661,scieries,38.735767
Sciures et chutes de scieries_,sciures,46.335335,sciure,44.45661,scieries,38.735767
Scories thomas,thomas,29.677269,scories,28.951082,le bec thomas,27.988901
Séche linge,lave linge séchant,25.394857,sèche linge,21.87048,linge,20.570688
Séche-linge,lave linge séchant,25.394857,sèche linge,21.87048,linge,20.570688
Sèche-linge,sèche linge,40.38817,sèche,27.595676,sèches,25.931025
Sel,sel,9.516992,le sel,9.516992,self,8.864135
Semoule,semoules,31.927877,semoule,31.927877,semoulerie,27.273094
Serres chauffées,chauffées,44.99826,échauffées,42.811485,chauffée,42.740074
Serres horticoles,horticoles,40.591118,horticole,40.591118,corticoles,34.106094
Serveurs informatiques,informatiques,47.987846,bio informatiques,45.95252,informatique,45.43287
Service,service,33.795006,services,33.795006,service web,31.975863
Smartphone,smartphone,55.772984,smartphones,53.18821,smartphoner,53.18821
Soda,soda,21.013794,sodar,19.664806,sodas,19.664806
Sol traité liant routier,train routier,31.035969,routier,28.518312,trains routiers,28.28668
"Sol, carreaux de plâtre",être sur le carreau,33.68761,carreau,32.80662,carreaux,32.80662
"Sol, revêtement PVC homogène",revêtement de sol,50.740547,homogènement,49.014072,revêtement,47.4458
Solution azotée,solution,34.793205,azotée,34.31298,solutions,33.016
Sommier,sommier,34.200844,sommiers,32.359856,sommiez,29.328407
Sorgho,sorgho,39.47982,sorghos,37.233772,sorgho commun,31.80544
Soude 50%,soude,22.647299,soudes,22.647299,souder,21.281147
"Soude solide (poudre, granulés)",granulés,40.50496,poudre,38.363567,soudre,37.483658
Soupe à l'oignon,soupe à l oignon,41.895054,oignon,28.591303,moignon,28.591303
Spaghetti à la bolognaise,spaghetti,50.6669,spaghettis,48.204647,spaghettifia,43.934494
"Sport d'hiver, casque de skis",sport d hiver,39.11918,sport d’hiver,39.11918,sports d’hiver,37.121006
"Sport d'hiver, paire de skis",sport d hiver,39.11918,sport d’hiver,39.11918,sports d’hiver,37.121006
"Sport d'hiver, snowboard",snowboard,67.194,snowboards,63.92858,snowboardeur,58.26554
"Sport nautique, planche à voile",sport nautique,42.361176,planche à voile,42.348812,faire de la planche à voile,36.960342
Steak de boeuf,boeuf,34.422195,boeufs,32.345745,qui vole un oeuf vole un boeuf,31.043571
Steak-frites,friteau,28.08038,steak,27.644129,steaks,25.976553
Stéréo,stéréo,29.72921,stéréon,28.037886,stéréos,28.037886
Sucre,sucre,29.569988,d sucre,29.569988,su sucre,29.569988
Sulfate d'ammonium,sulfate d ammonium,62.44126,sulfamate d’ ammonium,50.962357,sulfate ammoniacal d’ aluminium,44.64467
Sulfate de sodium,sulfate de sodium,61.366066,thiosulfate de sodium,51.76917,laureth sulfate de sodium,49.821312
Sulfochaux,sulfochlorure,31.72036,sulfochlorures,30.429731,sulfocyanure,28.29665
Sulfosol,sulfosel,33.8689,sulfosate,32.13891,sulfosels,32.13891
Sushis,sushis,35.162483,pays des sushis,31.376984,sushi,30.173965
Sweat,sweat,39.658035,sweats,37.265747,sweater,35.14566
Switch routeur firewall,firewall,47.998344,switch,39.242718,switcha,37.010162
T-shirt,t shirt,30.563406,t shirts,28.71973,tee shirt,28.71973
Table,table,22.011465,tables,22.011465,la table,22.011465
Tableau électrique,bleu électrique,41.47709,électrique,40.298893,câble électrique,39.639984
Tablette,tablette,35.113148,tablettes,35.113148,tabletter,33.3196
Tagliatelles à la carbonara,tagliatelle,50.72533,tagliatelles,50.72533,carbonara,41.192677
Tajine d'agneau,tajine,45.079227,tajines,42.514626,agneaux,30.423246
Tanins,tanins,27.39021,sultanins,23.193005,tanin,22.295856
Tannage ''wet white'' du cuir,tannage,30.807566,stannage,29.149235,retannage,27.660318
Tartare de boeuf,tartare,36.873447,tartares,35.19963,boeuf,34.422195
Tarte aux fraises,tarterais,23.14467,starterais,22.019913,tarte,21.711353
Tarte aux pommes,tarte aux pommes,38.155556,ma pomme,23.792429,pomme,23.792429
Tarte tatin,tarte tatin,34.732403,tartes tatin,34.732403,tarte,21.711353
Tartiflette,tartiflette,47.586372,tartiflettes,47.586372,tartifle,38.614674
Tasse de café,chasse café,23.720419,café,22.8904,chasse cafés,22.508802
Tasse de thé,tasses de thé,19.116486,tasses à thé,19.116486,tasse de thé,19.116486
Taurillon laitier,taurillon,38.878983,taurillons,36.989586,taurillon mésange,30.969503
Taurillon race à viande,taurillon,38.878983,taurillons,36.989586,taurillon mésange,30.969503
Taux d'occupation moyen des voitures,occupation,45.371613,occupations,43.268883,réoccupation,41.352417
Taxi,taxi,20.974405,le taxi,20.974405,les taxis,19.627947
Taxi brousse,brousses,26.659082,brousse,26.659082,la brousse,26.659082
Télécabine,télécabine,46.990253,télécabines,44.812508,cabine,27.952518
Télécommande,télécommande,49.817837,télécommandes,49.817837,télécommandez,47.704895
Téléphone répondeur,téléphoneur,45.88343,téléphone,45.708828,au téléphone,45.708828
Télévision,télévision,42.840324,télévisions,40.854908,télévision à péage,37.389317
"Tennis, balle",tennis,23.70388,anno tennis,21.151985,tennisman,20.07156
"TER, Train Express Regional",train express,40.02557,express,33.886787,expresso,32.062706
"Tertiaire, bureaux",tertiaire,37.566845,ère tertiaire,35.741215,tertiaires,35.741215
"Tertiaire, café, hôtels, restaurants",restaurants,40.350815,tertiaires,39.50649,hôtels,38.680573
"Tertiaire, commerces",tertiaire,37.566845,commerce,35.913376,commerces,35.913376
"Tertiaire, enseignement",enseignement,47.882862,enseignemens,47.548347,enseignements,45.851986
"Tertiaire, santé",tertiaire,37.566845,ère tertiaire,35.741215,tertiaires,35.741215
"Tertiaire, toutes branches",tertiaire,37.566845,ère tertiaire,35.741215,tertiaires,35.741215
"TGV, Train Grande Vitesse",train à grande vitesse,42.506866,trains à grande vitesse,40.77736,à vitesse grand v,33.9167
Thé,thé,8.868364,théo,8.260003,théa,8.260003
Thon,thon,16.497112,éthon,15.438076,thons,15.438076
Tiramisu,tiramisu,39.190304,tiramisus,37.188496,sémiramis,22.143
Tomate,tomate,26.925404,tomates,26.925404,tomate roma,26.028448
Tomate pour la consommation en frais,consommation,46.720207,consommations,45.617867,non consommation,44.738644
Tomates farcies,tomates farcies,48.454002,farcies,34.0868,infarcies,30.60455
Totalité des consommations électriques en cuis,consommation,44.34404,consommations,44.221703,électriques,43.351692
Totalité des consommations électriques en cuisine,consommation,44.34404,consommations,44.221703,électriques,43.351692
Totalité du poste audiovisuel moye,audiovisuel,60.068115,audiovisuels,57.407578,audiovisuelle,54.972725
Totalité du poste audiovisuel moyenne,audiovisuel,60.068115,audiovisuels,57.407578,audiovisuelle,54.972725
Totalité du poste informatique moyenne,informatique,45.43287,bio informatique,43.42056,informatiques,43.42056
Tourbe,tourbe,27.749142,tourber,26.170467,tourbeux,26.170467
Tournesol,tournesol,39.795113,tournesols,37.861195,huile de tournesol,34.507305
Tout logement,logement,34.85618,mal logement,33.075756,logements,33.075756
"Tout sport, maillot",porte maillot,34.09084,maillot,27.247017,le maillot,27.247017
"Tout sport, paire chaussettes",porte chaussettes,44.89056,support chaussettes,41.380398,chaussette,40.619
"Tout sport, short",short,31.658802,shorts,29.749048,shorta,29.749048
Train de marchandises,train de marchandises,44.944927,trains de marchandises,43.18772,marchandise,40.628105
Train de voyageurs,voyageurs,47.8032,voyageur,44.37141,commis voyageurs,39.693214
Train grandes lignes,grandes lignes,39.477146,dans les grandes lignes,35.980106,lignes de plus grande pente,31.759975
Traitement des eaux usées,traitement,30.797947,traitements,29.301264,traitement de données,28.07024
Tramway,tramway,51.070713,tramways,48.321644,amway,44.904465
Trisuperphosphate (TSP),superphosphate,62.636696,superphosphates,62.636696,phosphate,45.940548
Triticale,triticale,38.387497,urticales,23.564493,triticine,23.322077
Truie de reforme,reforme,33.00177,reformes,33.00177,reformez,31.225328
Truie de réforme,réforme,35.017353,réformes,35.017353,préforme,33.132416
Truite,truite,29.431328,truites,29.431328,truite de lac,27.75695
Truite ou saumon,truite saumonée,41.947826,truites saumonées,40.08987,truite,29.431328
Truite portion,truite,29.431328,truites,29.431328,truite de lac,27.75695
Tuile béton,tuile,24.035027,tuiles,24.035027,tuiler,22.585165
Unité centrale moyenne,unité centrale,42.014584,unités centrales,40.153675,moyen de moyenner,36.543304
Urée,urée,15.168487,purée,14.194741,curée,14.194741
Vache de réforme d’origine allaitante,vache de réforme,46.63167,réforme protestante,35.713867,réforme,35.017353
Vache laitière de réforme,vache de réforme,46.63167,vache laitière,43.441174,vaches laitières,39.592983
Vanille,vanille,28.527624,vanilles,28.527624,vaniller,26.992018
Variateur électrique,variateur,40.690247,électrique,40.298893,générateur électrique,40.261242
Veau,veau,20.292053,veaux,20.292053,veau d or,20.292053
Veau de boucherie,boucherie,32.92907,boucheries,31.328821,boucheriez,31.328821
Véhicule Utilitaire Léger,véhicule utilitaire sport,57.159485,véhicules utilitaires sports,53.539223,véhicule,46.35495
Véhicules,véhicule,46.35495,véhicules,46.35495,véhiculez,43.987175
Vernis Acrylique,acrylique,43.831985,acryliques,41.593086,acide acrylique,37.737854
Verre,verre,20.41589,cul de verre,19.184343,ver de terre,19.184343
Verre d'eau du robinet,eau du robinet,38.945793,robinet,34.71585,robinets,32.84714
Verre d'emballage,emballage,38.381474,emballages,36.516254,remballage,36.516254
Verre de pur jus d'orange,jus d’ orange,32.346676,jus d orange,32.346676,orange,25.130821
Verre de Soda au cola,salsola soda,21.523207,soda,21.013794,verre,20.41589
Verre de vin,le verre de vin,27.018036,verre,20.41589,cul de verre,19.184343
Verre plat à motifs,motifs,31.0299,par ces motifs,31.0299,émotifs,29.26458
Verre plat au plomb / cristal,verre de plomb,37.296432,cristal,28.339617,voix de cristal,25.444489
Verre plat courbé,courbé,28.88288,courbée,27.239704,courbés,27.239704
Verre plat de sécurité laminé,sécurité,40.0057,sécurités,37.962242,insécurité,36.117397
Verre plat flotté,verre flotté,41.528545,flotté,29.859562,flottée,28.160824
Veste,veste,15.980313,vestes,15.980313,se payer une veste,13.252904
Viande de porc,viande,28.066475,viandes,28.066475,se viander,26.469748
Viande de veau,viande de veau,40.967793,viande,28.066475,viandes,28.066475
Vidéo projecteur,vidéoprojecteur,57.62079,vidéoprojecteurs,55.45276,projecteur,50.376133
Videoprojecteur,vidéoprojecteur,51.60018,projecteur,50.376133,vidéoprojecteurs,49.65868
Viennoiserie brioche,viennoiserie,38.108948,viennoiseries,36.49262,briennoise,34.70163
Viennoiserie pain au chocolat,pain au chocolat,44.951523,pains au chocolat,42.868263,chocolat noir,40.06921
Viennoiseries,viennoiseries,40.985764,viennoiserie,38.108948,viennoises,33.30373
Vignes,vignes,26.668606,les vignes,26.668606,val des vignes,25.151402
Vin,vin,9.56458,coq au vin,8.908459,ovin,8.908459
Vinaigre de vin,vinaigre,44.854935,vinaigrer,42.563786,vinaigres,42.563786
Voirie,voirie,26.173777,voiries,24.684727,ivoirien,23.355978
Voiture particulière,particulière,48.15456,particulières,46.021698,carte particulière,44.105743
"Volley, genouillères",genouillères,47.072002,genouillère,45.662766,quenouillères,41.71139
Vraquier,vraquier,35.405643,vraquiers,33.4998,baraquier,25.745445
Yaourt,yaourt,35.704414,yaourts,33.673157,pot de yaourt,33.673157
yaourtière,yaourtière,51.102848,yaourtières,48.73451,yaourt,35.704414
Zinc,zinc,18.089334,zincs,16.928083,zincou,15.906931
